{
    "auditServiceConfig" : {
        "handlerForQueries" : "json",
        "availableAuditEventHandlers" : [
            "org.forgerock.audit.handlers.csv.CsvAuditEventHandler",
            "org.forgerock.audit.handlers.elasticsearch.ElasticsearchAuditEventHandler",
            "org.forgerock.audit.handlers.jms.JmsAuditEventHandler",
            "org.forgerock.audit.handlers.json.JsonAuditEventHandler",
            "org.forgerock.audit.handlers.json.stdout.JsonStdoutAuditEventHandler",
            "org.forgerock.openidm.audit.impl.RepositoryAuditEventHandler",
            "org.forgerock.openidm.audit.impl.RouterAuditEventHandler",
            "org.forgerock.audit.handlers.splunk.SplunkAuditEventHandler",
            "org.forgerock.audit.handlers.syslog.SyslogAuditEventHandler"
        ],
        "filterPolicies" : {
            "field" : {
                "excludeIf" : [ ],
                "includeIf" : [ ]
            }
        },
        "caseInsensitiveFields" : [
            "/access/http/request/headers",
            "/access/http/response/headers"
        ]
    },
    "eventHandlers" : [
        {
            "class" : "org.forgerock.audit.handlers.json.JsonAuditEventHandler",
            "config" : {
                "name" : "json",
                "enabled" : {
                    "$bool" : "&{openidm.audit.handler.json.enabled|true}"
                },
                "logDirectory" : "&{idm.data.dir}/audit",
                "buffering" : {
                    "maxSize" : 100000,
                    "writeInterval" : "100 millis"
                },
                "topics" : [
                    "access",
                    "activity",
                    "sync",
                    "authentication",
                    "config"
                ]
            }
        },
        {
            "class" : "org.forgerock.audit.handlers.json.stdout.JsonStdoutAuditEventHandler",
            "config" : {
                "name" : "stdout",
                "enabled" : {
                    "$bool" : "&{openidm.audit.handler.stdout.enabled|false}"
                },
                "topics" : [
                    "access",
                    "activity",
                    "sync",
                    "authentication",
                    "config"
                ]
            }
        },
        {
            "class" : "org.forgerock.openidm.audit.impl.RepositoryAuditEventHandler",
            "config" : {
                "name" : "repo",
                "enabled" : {
                    "$bool" : "&{openidm.audit.handler.repo.enabled|false}"
                },
                "topics" : [
                    "access",
                    "activity",
                    "sync",
                    "authentication",
                    "config"
                ]
            }
        }
    ],
    "eventTopics" : {
        "config" : {
            "filter" : {
                "actions" : [
                    "create",
                    "update",
                    "delete",
                    "patch",
                    "action"
                ]
            }
        },
        "activity" : {
            "filter" : {
                "actions" : [
                    "create",
                    "update",
                    "delete",
                    "patch",
                    "action"
                ]
            },
            "watchedFields" : [ ],
            "passwordFields" : [
                "password"
            ]
        }
    },
    "exceptionFormatter" : {
        "type" : "text/javascript",
        "file" : "bin/defaults/script/audit/stacktraceFormatter.js"
    }
}