{
    "serverAuthContext" : {
        "sessionModule" : {
            "name" : "JWT_SESSION",
            "properties" : {
                "maxTokenLifeMinutes" : 120,
                "tokenIdleTimeMinutes" : 30,
                "sessionOnly" : true,
                "isHttpOnly" : true,
                "enableDynamicRoles" : false
            }
        },
        "authModules" : [
            {
                "name" : "STATIC_USER",
                "properties" : {
                    "queryOnResource" : "internal/user",
                    "username" : "anonymous",
                    "password" : {
                        "$crypto" : {
                            "type" : "x-simple-encryption",
                            "value" : {
                                "cipher" : "AES/CBC/PKCS5Padding",
                                "stableId" : "openidm-sym-default",
                                "salt" : "N6EArsdCswdPah5f/eFMXA==",
                                "data" : "uP/B1Xdg8Q9KtYjLnuX9oQ==",
                                "keySize" : 16,
                                "purpose" : "idm.config.encryption",
                                "iv" : "MFuE/v0+etgDR3H3CJ3NRQ==",
                                "mac" : "1DpeOjH0NvUSd+ZFbHWApA=="
                            }
                        }
                    },
                    "defaultUserRoles" : [
                        "internal/role/openidm-reg"
                    ]
                },
                "enabled" : true
            },
            {
                "name" : "STATIC_USER",
                "properties" : {
                    "queryOnResource" : "internal/user",
                    "username" : "openidm-admin",
                    "password" : "&{openidm.admin.password}",
                    "defaultUserRoles" : [
                        "internal/role/openidm-authorized",
                        "internal/role/openidm-admin"
                    ]
                },
                "enabled" : true
            },
            {
                "name" : "MANAGED_USER",
                "properties" : {
                    "augmentSecurityContext" : {
                        "type" : "text/javascript",
                        "source" : "var augmentYield = require('auth/customAuthz').setProtectedAttributes(security);require('auth/orgPrivileges').assignPrivilegesToUser(resource, security, properties, subjectMapping, privileges, 'privileges', 'privilegeAssignments', augmentYield);"
                    },
                    "queryId" : "credential-query",
                    "queryOnResource" : "managed/user",
                    "propertyMapping" : {
                        "authenticationId" : "username",
                        "userCredential" : "password",
                        "userRoles" : "authzRoles",
                        "additionalUserFields" : [
                            "adminOfOrg",
                            "ownerOfOrg"
                        ]
                    },
                    "defaultUserRoles" : [
                        "internal/role/openidm-authorized"
                    ]
                },
                "enabled" : true
            }
        ]
    }
}