{
    "enabled" : true,
    "from" : "",
    "subject" : {
        "en" : "Reset your password",
        "fr" : "Réinitialisez votre mot de passe"
    },
    "message" : {
        "en" : "<h3>Click to reset your password</h3><h4><a href=\"{{object.resumeURI}}\">Password reset link</a></h4>",
        "fr" : "<h3>Cliquez pour réinitialiser votre mot de passe</h3><h4><a href=\"{{object.resumeURI}}\">Mot de passe lien de réinitialisation</a></h4>"
    },
    "defaultLocale" : "en",
    "mimeType" : "text/html"
}