{
    "objects" : [
        {
            "name" : "role",
            "properties" : {
                "authzMembers" : {
                    "items" : {
                        "resourceCollection" : [
                            {
                                "path" : "managed/user",
                                "conditionalAssociation" : true,
                                "notify" : true,
                                "label" : "User",
                                "query" : {
                                    "queryFilter" : "true",
                                    "fields" : [
                                        "userName",
                                        "givenName",
                                        "sn"
                                    ]
                                }
                            }
                        ]
                    }
                }
            }
        },
        {
            "name" : "notification",
            "properties" : {
                "target" : {
                    "reversePropertyName" : "_notifications"
                }
            }
        }
    ]
}