{
    "enabled" : {
        "$bool" : "&{openidm.notifications.profileUpdate|false}"
    },
    "path" : "managed/user/*",
    "methods" : [
        "update",
        "patch"
    ],
    "condition" : {
        "type" : "groovy",
        "globals" : {
            "propertiesToCheck" : [
                "userName",
                "givenName",
                "sn",
                "mail",
                "description",
                "accountStatus",
                "telephoneNumber",
                "postalAddress",
                "city",
                "postalCode",
                "country",
                "stateProvince",
                "preferences"
            ]
        },
        "file" : "propertiesModifiedFilter.groovy"
    },
    "target" : {
        "resource" : "managed/user/{{response/_id}}"
    },
    "notification" : {
        "notificationType" : "info",
        "message" : "Your profile has been updated."
    }
}