{
    "enabled" : {
        "$bool" : "&{openidm.notifications.passwordUpdate|false}"
    },
    "path" : "managed/user/*",
    "methods" : [
        "update",
        "patch"
    ],
    "condition" : {
        "type" : "groovy",
        "globals" : {
            "propertiesToCheck" : [
                "password"
            ]
        },
        "file" : "propertiesModifiedFilter.groovy"
    },
    "target" : {
        "resource" : "managed/user/{{response/_id}}"
    },
    "notification" : {
        "notificationType" : "info",
        "message" : "Your password has been updated."
    }
}