{
    "insert" : {
        "internal/role" : [
            {
                "id" : "openidm-admin",
                "name" : "openidm-admin",
                "description" : "Administrative access"
            },
            {
                "id" : "openidm-authorized",
                "name" : "openidm-authorized",
                "description" : "Basic minimum user"
            },
            {
                "id" : "openidm-reg",
                "name" : "openidm-reg",
                "description" : "Anonymous access"
            },
            {
                "id" : "openidm-cert",
                "name" : "openidm-cert",
                "description" : "Authenticated via certificate"
            },
            {
                "id" : "openidm-tasks-manager",
                "name" : "openidm-tasks-manager",
                "description" : "Allowed to reassign workflow tasks"
            },
            {
                "id" : "platform-provisioning",
                "name" : "platform-provisioning",
                "description" : "Platform provisioning access"
            }
        ],
        "internal/user" : [
            {
                "id" : "openidm-admin",
                "password" : "&{openidm.admin.password}"
            },
            {
                "id" : "anonymous",
                "password" : "anonymous"
            },
            {
                "id" : "idm-provisioning"
            },
            {
                "id" : "connector-server-client"
            }
        ]
    }
}