{
    "filters" : [
        {
            "condition" : {
                "type" : "text/javascript",
                "source" : "context.caller.external === true || context.current.name === 'selfservice'"
            },
            "onRequest" : {
                "type" : "text/javascript",
                "source" : "require('router-authz').testAccess()"
            }
        },
        {
            "pattern" : "^(managed|internal)($|(/.+))",
            "onRequest" : {
                "type" : "text/javascript",
                "file" : "policyFilter.js"
            },
            "methods" : [
                "create",
                "update"
            ]
        },
        {
            "pattern" : "^config/managed$",
            "onRequest" : {
                "type" : "text/javascript",
                "file" : "policyFilter.js"
            },
            "methods" : [
                "update"
            ]
        },
        {
            "pattern" : "^(managed|internal)($|(/.+))",
            "condition" : {
                "type" : "text/javascript",
                "source" : "(context.caller.external === true || context.current.name === 'selfservice') && (typeof context.privilege === 'undefined' || Object.keys(context.privilege.matchingPrivileges).length === 0)"
            },
            "onResponse" : {
                "type" : "text/javascript",
                "source" : "require('relationshipFilter').filterResponse()"
            }
        }
    ]
}