{
    "stores" : [
        {
            "name" : "mainKeyStore",
            "class" : "org.forgerock.openidm.secrets.config.FileBasedStore",
            "config" : {
                "file" : "&{openidm.keystore.location|&{idm.install.dir}/security/keystore.jceks}",
                "storetype" : "&{openidm.keystore.type|JCEKS}",
                "providerName" : "&{openidm.keystore.provider|SunJCE}",
                "storePassword" : "&{openidm.keystore.password|changeit}",
                "mappings" : [
                    {
                        "secretId" : "idm.default",
                        "types" : [
                            "ENCRYPT",
                            "DECRYPT"
                        ],
                        "aliases" : [
                            "&{openidm.config.crypto.alias|openidm-sym-default}"
                        ]
                    },
                    {
                        "secretId" : "idm.config.encryption",
                        "types" : [
                            "ENCRYPT",
                            "DECRYPT"
                        ],
                        "aliases" : [
                            "&{openidm.config.crypto.alias|openidm-sym-default}"
                        ]
                    },
                    {
                        "secretId" : "idm.password.encryption",
                        "types" : [
                            "ENCRYPT",
                            "DECRYPT"
                        ],
                        "aliases" : [
                            "&{openidm.config.crypto.alias|openidm-sym-default}"
                        ]
                    },
                    {
                        "secretId" : "idm.jwt.session.module.encryption",
                        "types" : [
                            "ENCRYPT",
                            "DECRYPT"
                        ],
                        "aliases" : [
                            "&{openidm.https.keystore.cert.alias|openidm-localhost}"
                        ]
                    },
                    {
                        "secretId" : "idm.jwt.session.module.signing",
                        "types" : [
                            "SIGN",
                            "VERIFY"
                        ],
                        "aliases" : [
                            "&{openidm.config.crypto.jwtsession.hmackey.alias|openidm-jwtsessionhmac-key}"
                        ]
                    },
                    {
                        "secretId" : "idm.selfservice.encryption",
                        "types" : [
                            "ENCRYPT",
                            "DECRYPT"
                        ],
                        "aliases" : [
                            "selfservice"
                        ]
                    },
                    {
                        "secretId" : "idm.selfservice.signing",
                        "types" : [
                            "SIGN",
                            "VERIFY"
                        ],
                        "aliases" : [
                            "&{openidm.config.crypto.selfservice.sharedkey.alias|openidm-selfservice-key}"
                        ]
                    },
                    {
                        "secretId" : "idm.assignment.attribute.encryption",
                        "types" : [
                            "ENCRYPT",
                            "DECRYPT"
                        ],
                        "aliases" : [
                            "&{openidm.config.crypto.alias|openidm-sym-default}"
                        ]
                    }
                ]
            }
        },
        {
            "name" : "mainTrustStore",
            "class" : "org.forgerock.openidm.secrets.config.FileBasedStore",
            "config" : {
                "file" : "&{openidm.truststore.location|&{idm.install.dir}/security/truststore}",
                "storetype" : "&{openidm.truststore.type|JKS}",
                "providerName" : "&{openidm.truststore.provider|SUN}",
                "storePassword" : "&{openidm.truststore.password|changeit}",
                "mappings" : [ ]
            }
        }
    ],
    "populateDefaults" : true
}